Workbook

Sheet Config
A1: parameter | B1: value | C1: notes
A2: report_title | B2: Team Dinner Restaurant Selection | C2: Shown as the title on the HTML report
A3: base_location_name | B3: Office - Asok, Bangkok | C3: Team base / origin point
A4: base_lat | B4: 13.7367 | C4: Latitude of base point
A5: base_lng | B5: 100.5602 | C5: Longitude of base point
A6: radius_km | B6: 5 | C6: Search radius for scraping
A7: target_group_size | B7: 10 | C7: 8-12 people; drives group scoring
A8: min_capacity | B8: 12 | C8: HARD FILTER: venue must seat at least this many
A9: cuisine_veto | C9: e.g. Seafood. Leave blank if no veto
A10: price_band_target | B10: Mid-range | C10: Descriptive only
A11: price_tier_target | B11: 2 | C11: Ideal tier 1=B .. 4=BBBB; price score peaks here
A12: currency | B12: THB | C12: Currency for price per head
A13: max_acceptable_travel_min | B13: 45 | C13: Travel beyond this scores 0 on convenience
A14: review_full_n | B14: 200 | C14: Review count for full rating confidence
A15: review_floor | B15: 0.5 | C15: Min rating-confidence weight when few reviews
A16: generated_at | B16: 2026-06-03 | C16: Stamp shown on report
A17: --- SCORING WEIGHTS (must sum to 100) ---
A18: w_rating | B18: 25 | C18: Rating & Review Quality
A19: w_group | B19: 20 | C19: Group Suitability
A20: w_price | B20: 15 | C20: Price Suitability
A21: w_travel | B21: 15 | C21: Travel Convenience
A22: w_completeness | B22: 15 | C22: Data Completeness
A23: w_uniqueness | B23: 10 | C23: Uniqueness / Experience
A24: weights_total | B24: =SUM(B18:B23) | C24: MUST equal 100 - integrity check

Sheet Raw_Data
A1: raw_id | B1: scrape_timestamp | C1: source | D1: source_url | E1: name_raw | F1: address_raw | G1: lat | H1: lng | I1: rating | J1: review_count | K1: price_level_raw | L1: cuisine_raw | M1: phone | N1: hours_raw | O1: capacity_info_raw | P1: reservation_info_raw | Q1: photos_count | R1: menu_url | S1: notes_raw
A2: 1 | B2: 2026-06-03 (Google Places) | C2: google_maps | D2: https://www.google.com/maps/place/?q=place_id:ChIJqY_zAACf4jAR531b-mrezXs | E2: Pizzeria Da Michele Bangkok | F2: Siam, Bangkok | G2: 13.74739 | H2: 100.53512 | I2: 4.7 | J2: 1010 | L2: Italian | M2: +66 81 849 4620 | N2: 11:00-22:30
A3: 2 | B3: 2026-06-03 (Google Places) | C3: google_maps | D3: https://www.google.com/maps/place/?q=place_id:ChIJKVqr3I6Z4jARPi6t_zvvL1A | E3: Jim Thompson, A Thai Restaurant | F3: Siam, Bangkok | G3: 13.749104 | H3: 100.52858 | I3: 4.8 | J3: 3625 | L3: Thai | M3: +66 61 421 8951 | N3: 11:30-22:00
A4: 3 | B4: 2026-06-03 (Google Places) | C4: google_maps | D4: https://www.google.com/maps/place/?q=place_id:ChIJ937RdtKe4jARPRuzBAQLNxc | E4: White Flower Factory | F4: Siam, Bangkok | G4: 13.74533 | H4: 100.53379 | I4: 4.6 | J4: 1521 | L4: Thai / Fusion | M4: +66 99 002 0897 | N4: 10:30-22:00
A5: 4 | B5: 2026-06-03 (Google Places) | C5: google_maps | D5: https://www.google.com/maps/place/?q=place_id:ChIJOTkw4lef4jARoSBeMI4SX8k | E5: Mozza By Cocotte Siam Paragon | F5: Siam, Bangkok | G5: 13.74696 | H5: 100.53417 | I5: 4.7 | J5: 1474 | L5: Italian | M5: +66 62 208 8828 | N5: 10:00-21:30
A6: 5 | B6: 2026-06-03 (Google Places) | C6: google_maps | D6: https://www.google.com/maps/place/?q=place_id:ChIJ32UB3HKf4jARiuAr1TeJxf8 | E6: EASY! buddy Siam Center | F6: Siam, Bangkok | G6: 13.746252 | H6: 100.53286 | I6: 4.7 | J6: 825 | L6: Thai | M6: +66 2 129 6920 | N6: 10:00-21:15
A7: 6 | B7: 2026-06-03 (Google Places) | C7: google_maps | D7: https://www.google.com/maps/place/?q=place_id:ChIJcdirPxmf4jARag_4rNCeT58 | E7: KHAO-SO-i Siam Paragon | F7: Siam, Bangkok | G7: 13.746458 | H7: 100.53483 | I7: 4.8 | J7: 1735 | L7: Thai / Noodles | M7: +66 80 073 0238 | N7: 10:00-22:00
A8: 7 | B8: 2026-06-03 (Google Places) | C8: google_maps | D8: https://www.google.com/maps/place/?q=place_id:ChIJzSGKcbqd4jARz2juHM1CBWU | E8: Do Nua - La Villa Ari | F8: Ari, Bangkok | G8: 13.780063 | H8: 100.5453 | I8: 4.9 | J8: 155 | L8: Thai | M8: +66 62 546 0562 | N8: 11:00-22:00
A9: 8 | B9: 2026-06-03 (Google Places) | C9: google_maps | D9: https://www.google.com/maps/place/?q=place_id:ChIJCd8GG8mf4jARgkPPeBSiM3M | E9: Miles Ari | F9: Ari, Bangkok | G9: 13.778774 | H9: 100.53806 | I9: 4.4 | J9: 115 | L9: International | M9: +66 95 325 2289 | N9: 10:00-22:00
A10: 9 | B10: 2026-06-03 (Google Places) | C10: google_maps | D10: https://www.google.com/maps/place/?q=place_id:ChIJwckPWrif4jARrU3ysHbv5v8 | E10: The Deck Bangkok | F10: Phrom Phong, Bangkok | G10: 13.732177 | H10: 100.56399 | I10: 4.8 | J10: 1681 | L10: International / Thai | M10: +66 95 239 0805 | N10: 07:30-24:00
A11: 10 | B11: 2026-06-03 (Google Places) | C11: google_maps | D11: https://www.google.com/maps/place/?q=place_id:ChIJB82DFaaf4jARGv7WC1LFFkw | E11: Yellow Lane | F11: Ari, Bangkok | G11: 13.77521 | H11: 100.53982 | I11: 4.5 | J11: 856 | L11: Cafe / Brunch | M11: +66 65 123 8378 | N11: 07:30-22:00
A12: 11 | B12: 2026-06-03 (Google Places) | C12: google_maps | D12: https://www.google.com/maps/place/?q=place_id:ChIJCYhsHMuf4jAReiB3kcNDxhQ | E12: Park Sathorn Restaurant | F12: Sathorn, Bangkok | G12: 13.719795 | H12: 100.55123 | I12: 4.6 | J12: 571 | L12: Thai | M12: +66 81 543 8888 | N12: 09:00-22:30
A13: 12 | B13: 2026-06-03 (Google Places) | C13: google_maps | D13: https://www.google.com/maps/place/?q=place_id:ChIJq1XCBzuf4jARKB3mkY-Huh8 | E13: CALM Bangkok - Grill, Garden & Guinguette | F13: Thonglor, Bangkok | G13: 13.742943 | H13: 100.56785 | I13: 4.8 | J13: 756 | L13: Grill / French | M13: +66 64 197 0432 | N13: 16:30-24:00
... A26: 25 | B26: 2026-06-03 (Google Places) | C26: google_maps | D26: https://www.google.com/maps/place/?q=place_id:ChIJyVfJqDuf4jARyFXroxpoUag | E26: Florae Restaurant | F26: Phrom Phong, Bangkok | G26: 13.721263 | H26: 100.56542 | I26: 4.8 | J26: 653 | L26: International | M26: +66 2 483 3999 | N26: 06:00-24:00
A27: 26 | B27: 2026-06-03 (TripAdvisor) | C27: tripadvisor | D27: https://www.tripadvisor.com/Search?q=Pizzeria+Da+Michele+Bangkok+Bangkok | E27: Pizzeria Da Michele Bangkok | F27: Siam, Bangkok | G27: 13.74739 | H27: 100.53512 | I27: 4.5 | J27: 621 | K27: $$-$$$ | L27: Italian | M27: +66 81 849 4620 | N27: 11:00-22:30 | O27: Seats ~30, communal tables | P27: Walk-in preferred, reservations via phone | S27: Authentic Naples style; busy weekends
A28: 27 | B28: 2026-06-03 (TripAdvisor) | C28: tripadvisor | D28: https://www.tripadvisor.com/Search?q=Jim+Thompson+A+Thai+Restaurant+Bangkok | E28: Jim Thompson, A Thai Restaurant | F28: Siam, Bangkok | G28: 13.749104 | H28: 100.52858 | I28: 4.5 | J28: 1842 | K28: $$$ | L28: Thai | M28: +66 61 421 8951 | N28: 11:30-22:00 | O28: Indoor 60+, private room available | P28: Reservations recommended | S28: Heritage building; popular with groups
A29: 28 | B29: 2026-06-03 (TripAdvisor) | C29: tripadvisor | D29: https://www.tripadvisor.com/Search?q=White+Flower+Factory+Bangkok | E29: White Flower Factory | F29: Siam, Bangkok | G29: 13.748 | H29: 100.532 | I29: 4 | J29: 895 | K29: $$ | L29: Thai/Fusion | N29: 10:00-21:00 | O29: Seats ~40, outdoor garden area | P29: Walk-in, call ahead for large groups | S29: Instagrammable space; good for groups
A30: 29 | B30: 2026-06-03 (TripAdvisor) | C30: tripadvisor | D30: https://www.tripadvisor.com/Search?q=Mozza+By+Cocotte+Siam+Paragon+Bangkok | E30: Mozza By Cocotte Siam Paragon | F30: Siam, Bangkok | G30: 13.746 | H30: 100.535 | I30: 4.5 | J30: 712 | K30: $$$$ | L30: Italian | N30: 11:00-22:00 | O30: Seats ~35, some private seating | P30: Reservations available via website | S30: Upscale Italian; Siam Paragon mall
A31: 30 | B31: 2026-06-03 (TripAdvisor) | C31: tripadvisor | D31: https://www.tripadvisor.com/Search?q=EASY!+buddy+Siam+Center+Bangkok | E31: EASY! buddy Siam Center | F31: Siam, Bangkok | G31: 13.74556 | H31: 100.53133 | I31: 4.5 | J31: 310 | K31: $$ | L31: Thai | N31: 10:00-21:00 | O31: ~30 seats, open concept | P31: Walk-in only | S31: Thai street food concept
A32: 31 | B32: 2026-06-03 (TripAdvisor) | C32: tripadvisor | D32: https://www.tripadvisor.com/Search?q=KHAO-SO-i+Siam+Paragon+Bangkok | E32: KHAO-SO-i Siam Paragon | F32: Siam, Bangkok | G32: 13.746 | H32: 100.535 | I32: 4.5 | J32: 920 | K32: $$ | L32: Thai/Noodles | N32: 10:00-22:00 | O32: ~30 seats, mall setting | P32: Walk-in only | S32: Northern Thai cuisine specialty
A33: 32 | B33: 2026-06-03 (TripAdvisor) | C33: tripadvisor | D33: https://www.tripadvisor.com/Search?q=Do+Nua+-+La+Villa+Ari+Bangkok | E33: Do Nua - La Villa Ari | F33: Ari, Bangkok | G33: 13.773 | H33: 100.548 | I33: 4.5 | J33: 88 | K33: $$ | L33: Thai | N33: 11:00-22:00 | O33: ~25 seats, cozy space | P33: Reservations recommended for groups | S33: Small intimate restaurant; great food
A34: 33 | B34: 2026-06-03 (TripAdvisor) | C34: tripadvisor | D34: https://www.tripadvisor.com/Search?q=Miles+Ari+Bangkok | E34: Miles Ari | F34: Ari, Bangkok | G34: 13.772 | H34: 100.547 | I34: 4 | J34: 62 | K34: $$ | L34: International | N34: 09:00-21:00 | O34: ~35 seats, cafe style | P34: Walk-in, call for groups >8 | S34: Casual cafe atmosphere
A35: 34 | B35: 2026-06-03 (TripAdvisor) | C35: tripadvisor | D35: https://www.tripadvisor.com/Search?q=The+Deck+Bangkok+Bangkok | E35: The Deck Bangkok | F35: Phrom Phong, Bangkok | G35: 13.73 | H35: 100.569 | I35: 4.5 | J35: 865 | K35: $$ | L35: International/Thai | N35: 08:00-22:00 | O35: ~50 seats including terrace | P35: Reservations recommended | S35: Rooftop terrace; scenic views
A36: 35 | B36: 2026-06-03 (TripAdvisor) | C36: tripadvisor | D36: https://www.tripadvisor.com/Search?q=Yellow+Lane+Bangkok | E36: Yellow Lane | F36: Ari, Bangkok | G36: 13.771 | H36: 100.546 | I36: 4 | J36: 405 | K36: $$ | L36: Cafe/Brunch | N36: 08:00-17:00 | O36: ~30 seats, indoor/outdoor | P36: Walk-in; limited group seating | S36: Popular brunch spot
A37: 36 | B37: 2026-06-03 (TripAdvisor) | C37: tripadvisor | D37: https://www.tripadvisor.com/Search?q=Park+Sathorn+Restaurant+Bangkok | E37: Park Sathorn Restaurant | F37: Sathorn, Bangkok | G37: 13.7198 | H37: 100.55123 | I37: 4.3 | J37: 4 | K37: $$ | L37: Thai | M37: +66 81 543 8888 | N37: 08:30-23:00 | O37: Garden seating 50+, open air | P37: Reservations accepted via phone | S37: Garden oasis; confirmed group of 12 dined here
A38: 37 | B38: 2026-06-03 (TripAdvisor) | C38: tripadvisor | D38: https://www.tripadvisor.com/Search?q=CALM+Bangkok+-+Grill+Garden+&+Guinguette+Bangkok | E38: CALM Bangkok - Grill, Garden & Guinguette | F38: Thonglor, Bangkok | G38: 13.731 | H38: 100.578 | I38: 4.5 | J38: 378 | K38: $$$ | L38: Grill/French | N38: 11:00-22:00 | O38: Garden ~40 seats, private areas | P38: Reservations strongly recommended | S38: Garden restaurant; group-friendly
A39: 38 | B39: 2026-06-03 (TripAdvisor) | C39: tripadvisor | D39: https://www.tripadvisor.com/Search?q=D'ARK+The+Strand+Bangkok | E39: D'ARK The Strand | F39: Thonglor, Bangkok | G39: 13.73 | H39: 100.575 | I39: 4 | J39: 198 | K39: $$ | L39: Cafe/Comfort | N39: 08:00-22:00 | O39: ~30 seats indoor | P39: Walk-in; reserve for groups | S39: Cafe ambiance; relaxed dining
A40: 39 | B40: 2026-06-03 (TripAdvisor) | C40: tripadvisor | D40: https://www.tripadvisor.com/Search?q=Supanniga+Eating+Room+Bangkok | E40: Supanniga Eating Room | F40: Thonglor, Bangkok | G40: 13.729 | H40: 100.576 | I40: 4 | J40: 845 | K40: $$ | L40: Thai | M40: +66 2 714 7508 | N40: 11:00-22:00 | O40: ~40 seats, multiple rooms | P40: Reservations available | S40: Famous Thai comfort food
A41: 40 | B41: 2026-06-03 (TripAdvisor) | C41: tripadvisor | D41: https://www.tripadvisor.com/Search?q=Lazy+Daisy+Brunch+and+Bar+Bangkok | E41: Lazy Daisy Brunch and Bar | F41: Phrom Phong, Bangkok | G41: 13.728 | H41: 100.567 | I41: 4.5 | J41: 520 | K41: $$ | L41: Brunch/Bar | N41: 08:00-22:00 | O41: ~40 seats, terrace area | P41: Walk-in; book for weekends | S41: Popular all-day brunch
A42: 41 | B42: 2026-06-03 (TripAdvisor) | C42: tripadvisor | D42: https://www.tripadvisor.com/Search?q=LA+PLANTE+Bangkok | E42: LA PLANTE | F42: Asok, Bangkok | G42: 13.736 | H42: 100.561 | I42: 4.5 | J42: 118 | K42: $$$ | L42: French/Bistro | N42: 11:30-22:00 | O42: ~22 seats, intimate bistro | P42: Reservations recommended | S42: Small French bistro
A43: 42 | B43: 2026-06-03 (TripAdvisor) | C43: tripadvisor | D43: https://www.tripadvisor.com/Search?q=The+Gardens+of+Dinsor+Palace+Bangkok | E43: The Gardens of Dinsor Palace | F43: Thonglor, Bangkok | G43: 13.728 | H43: 100.579 | I43: 4 | J43: 920 | K43: $$$ | L43: European/Thai | N43: 11:00-22:00 | O43: Garden 60+, multiple zones | P43: Reservations recommended | S43: Heritage garden venue; great for groups
A44: 43 | B44: 2026-06-03 (TripAdvisor) | C44: tripadvisor | D44: https://www.tripadvisor.com/Search?q=Kiani+Korean+Restaurant+Thonglor+Bangkok | E44: Kiani Korean Restaurant Thonglor | F44: Thonglor, Bangkok | G44: 13.732 | H44: 100.577 | I44: 4.5 | J44: 598 | K44: $ | L44: Korean | N44: 11:00-23:00 | O44: ~30 seats, BBQ tables | P44: Walk-in preferred; call for groups | S44: Korean BBQ style
A45: 44 | B45: 2026-06-03 (TripAdvisor) | C45: tripadvisor | D45: https://www.tripadvisor.com/Search?q=Gigi+Eatery+Asoke+Bangkok | E45: Gigi Eatery Asoke | F45: Asok, Bangkok | G45: 13.737 | H45: 100.56 | I45: 4.5 | J45: 1654 | K45: $$$ | L45: Italian | N45: 11:00-22:00 | O45: ~45 seats, open kitchen | P45: Reservations recommended | S45: Trendy Italian; very popular
A46: 45 | B46: 2026-06-03 (TripAdvisor) | C46: tripadvisor | D46: https://www.tripadvisor.com/Search?q=Mad+Moa+Asok+Bangkok | E46: Mad Moa Asok | F46: Asok, Bangkok | G46: 13.738 | H46: 100.562 | I46: 4.5 | J46: 78 | K46: $$ | L46: Western | N46: 11:00-22:00 | O46: ~16 seats, small venue | P46: Walk-in only; small space | S46: Craft burgers; small capacity
A47: 46 | B47: 2026-06-03 (TripAdvisor) | C47: tripadvisor | D47: https://www.tripadvisor.com/Search?q=BARTELS+Asok+Bangkok | E47: BARTELS Asok | F47: Asok, Bangkok | G47: 13.737 | H47: 100.561 | I47: 4.5 | J47: 1180 | K47: $$ | L47: Brunch | N47: 08:00-17:00 | O47: ~30 seats indoor/outdoor | P47: Walk-in; limited group seating | S47: Popular brunch destination
A48: 47 | B48: 2026-06-03 (TripAdvisor) | C48: tripadvisor | D48: https://www.tripadvisor.com/Search?q=Nara+Thai+Cuisine+Terminal+21+Asoke+Bangkok | E48: Nara Thai Cuisine Terminal 21 Asoke | F48: Asok, Bangkok | G48: 13.738 | H48: 100.56 | I48: 4.5 | J48: 552 | K48: $$ | L48: Thai | M48: +66 2 108 0555 | N48: 10:00-22:00 | O48: ~50 seats, large restaurant | P48: Reservations available | S48: Reliable Thai; mall location good for groups
A49: 48 | B49: 2026-06-03 (TripAdvisor) | C49: tripadvisor | D49: https://www.tripadvisor.com/Search?q=CEDAR+Thai+Restaurant+Bangkok | E49: CEDAR Thai Restaurant | F49: Asok, Bangkok | G49: 13.736 | H49: 100.56 | I49: 4.5 | J49: 16 | K49: $$ | L49: Thai | N49: 11:00-22:00 | O49: ~35 seats | P49: Reservations available | S49: New Thai restaurant; limited reviews
A50: 49 | B50: 2026-06-03 (TripAdvisor) | C50: tripadvisor | D50: https://www.tripadvisor.com/Search?q=PEPE+Bangkok+Bangkok | E50: PEPE Bangkok | F50: Phrom Phong, Bangkok | G50: 13.73 | H50: 100.568 | I50: 4.5 | J50: 428 | K50: $$$ | L50: Asian Fusion | N50: 11:00-22:00 | O50: ~30 seats, intimate | P50: Reservations recommended | S50: Asian fusion; popular with groups
A51: 50 | B51: 2026-06-03 (TripAdvisor) | C51: tripadvisor | D51: https://www.tripadvisor.com/Search?q=Florae+Restaurant+Bangkok | E51: Florae Restaurant | F51: Phrom Phong, Bangkok | G51: 13.729 | H51: 100.567 | I51: 4.5 | J51: 310 | K51: $$$ | L51: International | N51: 11:00-22:00 | O51: ~40 seats, garden terrace | P51: Reservations recommended | S51: Botanical garden theme

Sheet Cleaned_Data
A1: restaurant_id | B1: name | C1: source_count | D1: sources_used | E1: address | F1: lat | G1: lng | H1: rating_avg | I1: review_count_total | J1: price_tier | K1: est_price_per_head | L1: cuisine | M1: capacity_max | N1: group_friendly | O1: reservation_available | P1: travel_time_min | Q1: transit_parking | R1: phone | S1: hours | T1: photos_count | U1: menu_url | V1: signature_features | W1: uniqueness_1to5 | X1: completeness_pct | Y1: hard_filter_pass
A2: R001 | B2: Pizzeria Da Michele Bangkok | C2: 2 | D2: google+tripadvisor | E2: Siam, Bangkok | F2: 13.74739 | G2: 100.53512 | H2: 4.6 | I2: 1631 | J2: 3 | K2: 750 | L2: Italian | M2: 30 | N2: Y | O2: Y | P2: 10 | R2: +66 81 849 4620 | S2: 11:00-22:30 | V2: Authentic Naples wood-fired pizza | W2: 4 | X2: =IF($B2="","",COUNTA(E2,H2,I2,J2,K2,L2,M2,O2,P2,R2,S2,T2,U2,V2,W2)/15) | Y2: =IF($B2="","",IF(AND(M2>=Config!$B$8,OR(Config!$B$9="",ISERROR(SEARCH(Config!$B$9,L2)))),"Y","N"))
A3: R002 | B3: Jim Thompson, A Thai Restaurant | C3: 2 | D3: google+tripadvisor | E3: Siam, Bangkok | F3: 13.749104 | G3: 100.52858 | H3: 4.65 | I3: 5467 | J3: 3 | K3: 750 | L3: Thai | M3: 60 | N3: Y | O3: Y | P3: 12 | R3: +66 61 421 8951 | S3: 11:30-22:00 | V3: Heritage riverside Thai fine dining | W3: 5 | X3: =IF($B3="","",COUNTA(E3,H3,I3,J3,K3,L3,M3,O3,P3,R3,S3,T3,U3,V3,W3)/15) | Y3: =IF($B3="","",IF(AND(M3>=Config!$B$8,OR(Config!$B$9="",ISERROR(SEARCH(Config!$B$9,L3)))),"Y","N"))
A4: R003 | B4: White Flower Factory | C4: 2 | D4: google+tripadvisor | E4: Siam, Bangkok | F4: 13.74533 | G4: 100.53379 | H4: 4.3 | I4: 2416 | J4: 2 | K4: 400 | L4: Thai / Fusion | M4: 40 | N4: Y | O4: Y | P4: 10 | R4: +66 99 002 0897 | S4: 10:30-22:00 | V4: Wide Thai menu, BTS view | W4: 3 | X4: =IF($B4="","",COUNTA(E4,H4,I4,J4,K4,L4,M4,O4,P4,R4,S4,T4,U4,V4,W4)/15) | Y4: =IF($B4="","",IF(AND(M4>=Config!$B$8,OR(Config!$B$9="",ISERROR(SEARCH(Config!$B$9,L4)))),"Y","N"))
A5: R004 | B5: Mozza By Cocotte Siam Paragon | C5: 2 | D5: google+tripadvisor | E5: Siam, Bangkok | F5: 13.74696 | G5: 100.53417 | H5: 4.6 | I5: 2186 | J5: 4 | K5: 1100 | L5: Italian | M5: 35 | N5: Y | O5: Y | P5: 10 | R5: +66 62 208 8828 | S5: 10:00-21:30 | V5: Italian comfort, halal-friendly | W5: 4 | X5: =IF($B5="","",COUNTA(E5,H5,I5,J5,K5,L5,M5,O5,P5,R5,S5,T5,U5,V5,W5)/15) | Y5: =IF($B5="","",IF(AND(M5>=Config!$B$8,OR(Config!$B$9="",ISERROR(SEARCH(Config!$B$9,L5)))),"Y","N"))
A6: R005 | B6: EASY! buddy Siam Center | C6: 2 | D6: google+tripadvisor | E6: Siam, Bangkok | F6: 13.746252 | G6: 100.53286 | H6: 4.6 | I6: 1135 | J6: 2 | K6: 400 | L6: Thai | M6: 30 | N6: N | O6: N | P6: 10 | R6: +66 2 129 6920 | S6: 10:00-21:15 | V6: Customisable Thai rice sets | W6: 3 | X6: =IF($B6="","",COUNTA(E6,H6,I6,J6,K6,L6,M6,O6,P6,R6,S6,T6,U6,V6,W6)/15) | Y6: =IF($B6="","",IF(AND(M6>=Config!$B$8,OR(Config!$B$9="",ISERROR(SEARCH(Config!$B$9,L6)))),"Y","N"))
A7: R006 | B7: KHAO-SO-i Siam Paragon | C7: 2 | D7: google+tripadvisor | E7: Siam, Bangkok | F7: 13.746458 | G7: 100.53483 | H7: 4.65 | I7: 2655 | J7: 2 | K7: 400 | L7: Thai / Noodles | M7: 30 | N7: N | O7: N | P7: 10 | R7: +66 80 073 0238 | S7: 10:00-22:00 | V7: Elevated Northern khao soi | W7: 4 | X7: =IF($B7="","",COUNTA(E7,H7,I7,J7,K7,L7,M7,O7,P7,R7,S7,T7,U7,V7,W7)/15) | Y7: =IF($B7="","",IF(AND(M7>=Config!$B$8,OR(Config!$B$9="",ISERROR(SEARCH(Config!$B$9,L7)))),"Y","N"))
A8: R007 | B8: Do Nua - La Villa Ari | C8: 2 | D8: google+tripadvisor | E8: Ari, Bangkok | F8: 13.780063 | G8: 100.5453 | H8: 4.7 | I8: 243 | J8: 2 | K8: 400 | L8: Thai | M8: 25 | N8: Y | O8: Y | P8: 17 | R8: +66 62 546 0562 | S8: 11:00-22:00 | V8: Creative som tum dishes | W8: 4 | X8: =IF($B8="","",COUNTA(E8,H8,I8,J8,K8,L8,M8,O8,P8,R8,S8,T8,U8,V8,W8)/15) | Y8: =IF($B8="","",IF(AND(M8>=Config!$B$8,OR(Config!$B$9="",ISERROR(SEARCH(Config!$B$9,L8)))),"Y","N"))
A9: R008 | B9: Miles Ari | C9: 2 | D9: google+tripadvisor | E9: Ari, Bangkok | F9: 13.778774 | G9: 100.53806 | H9: 4.2 | I9: 177 | J9: 2 | K9: 400 | L9: International | M9: 35 | N9: Y | O9: Y | P9: 18 | R9: +66 95 325 2289 | S9: 10:00-22:00 | V9: Garden style, live music, craft beers | W9: 3 | X9: =IF($B9="","",COUNTA(E9,H9,I9,J9,K9,L9,M9,O9,P9,R9,S9,T9,U9,V9,W9)/15) | Y9: =IF($B9="","",IF(AND(M9>=Config!$B$8,OR(Config!$B$9="",ISERROR(SEARCH(Config!$B$9,L9)))),"Y","N"))
A10: R009 | B10: The Deck Bangkok | C10: 2 | D10: google+tripadvisor | E10: Phrom Phong, Bangkok | F10: 13.732177 | G10: 100.56399 | H10: 4.65 | I10: 2546 | J10: 2 | K10: 400 | L10: International / Thai | M10: 50 | N10: Y | O10: Y | P10: 5 | R10: +66 95 239 0805 | S10: 07:30-24:00 | V10: All-day dining, brunch & buffet events | W10: 4 | X10: =IF($B10="","",COUNTA(E10,H10,I10,J10,K10,L10,M10,O10,P10,R10,S10,T10,U10,V10,W10)/15) | Y10: =IF($B10="","",IF(AND(M10>=Config!$B$8,OR(Config!$B$9="",ISERROR(SEARCH(Config!$B$9,L10)))),"Y","N"))
A11: R010 | B11: Yellow Lane | C11: 2 | D11: google+tripadvisor | E11: Ari, Bangkok | F11: 13.77521 | G11: 100.53982 | H11: 4.25 | I11: 1261 | J11: 2 | K11: 400 | L11: Cafe / Brunch | M11: 30 | N11: N | O11: N | P11: 16 | R11: +66 65 123 8378 | S11: 07:30-22:00 | V11: Jungle-cafe greenery, brunch | W11: 4 | X11: =IF($B11="","",COUNTA(E11,H11,I11,J11,K11,L11,M11,O11,P11,R11,S11,T11,U11,V11,W11)/15) | Y11: =IF($B11="","",IF(AND(M11>=Config!$B$8,OR(Config!$B$9="",ISERROR(SEARCH(Config!$B$9,L11)))),"Y","N"))
A12: R011 | B12: Park Sathorn Restaurant | C12: 2 | D12: google+tripadvisor | E12: Sathorn, Bangkok | F12: 13.719795 | G12: 100.55123 | H12: 4.45 | I12: 575 | J12: 2 | K12: 400 | L12: Thai | M12: 50 | N12: Y | O12: Y | P12: 7 | R12: +66 81 543 8888 | S12: 09:00-22:30 | V12: Garden, waterfall & dance show | W12: 5 | X12: =IF($B12="","",COUNTA(E12,H12,I12,J12,K12,L12,M12,O12,P12,R12,S12,T12,U12,V12,W12)/15) | Y12: =IF($B12="","",IF(AND(M12>=Config!$B$8,OR(Config!$B$9="",ISERROR(SEARCH(Config!$B$9,L12)))),"Y","N"))
A13: R012 | B13: CALM Bangkok - Grill, Garden & Guinguette | C13: 2 | D13: google+tripadvisor | E13: Thonglor, Bangkok | F13: 13.742943 | G13: 100.56785 | H13: 4.65 | I13: 1134 | J13: 3 | K13: 750 | L13: Grill / French | M13: 40 | N13: Y | O13: Y | P13: 5 | R13: +66 64 197 0432 | S13: 16:30-24:00 | V13: Garden grill & beer garden | W13: 4 | X13: =IF($B13="","",COUNTA(E13,H13,I13,J13,K13,L13,M13,O13,P13,R13,S13,T13,U13,V13,W13)/15) | Y13: =IF($B13="","",IF(AND(M13>=Config!$B$8,OR(Config!$B$9="",ISERROR(SEARCH(Config!$B$9,L13)))),"Y","N"))
... A26: R025 | B26: Florae Restaurant | C26: 2 | D26: google+tripadvisor | E26: Phrom Phong, Bangkok | F26: 13.721263 | G26: 100.56542 | H26: 4.65 | I26: 963 | J26: 3 | K26: 750 | L26: International | M26: 40 | N26: Y | O26: Y | P26: 6 | R26: +66 2 483 3999 | S26: 06:00-24:00 | V26: Elegant dining, live violin nights | W26: 4 | X26: =IF($B26="","",COUNTA(E26,H26,I26,J26,K26,L26,M26,O26,P26,R26,S26,T26,U26,V26,W26)/15) | Y26: =IF($B26="","",IF(AND(M26>=Config!$B$8,OR(Config!$B$9="",ISERROR(SEARCH(Config!$B$9,L26)))),"Y","N"))
X27: =IF($B27="","",COUNTA(E27,H27,I27,J27,K27,L27,M27,O27,P27,R27,S27,T27,U27,V27,W27)/15) | Y27: =IF($B27="","",IF(AND(M27>=Config!$B$8,OR(Config!$B$9="",ISERROR(SEARCH(Config!$B$9,L27)))),"Y","N"))
X28: =IF($B28="","",COUNTA(E28,H28,I28,J28,K28,L28,M28,O28,P28,R28,S28,T28,U28,V28,W28)/15) | Y28: =IF($B28="","",IF(AND(M28>=Config!$B$8,OR(Config!$B$9="",ISERROR(SEARCH(Config!$B$9,L28)))),"Y","N"))
X29: =IF($B29="","",COUNTA(E29,H29,I29,J29,K29,L29,M29,O29,P29,R29,S29,T29,U29,V29,W29)/15) | Y29: =IF($B29="","",IF(AND(M29>=Config!$B$8,OR(Config!$B$9="",ISERROR(SEARCH(Config!$B$9,L29)))),"Y","N"))
X30: =IF($B30="","",COUNTA(E30,H30,I30,J30,K30,L30,M30,O30,P30,R30,S30,T30,U30,V30,W30)/15) | Y30: =IF($B30="","",IF(AND(M30>=Config!$B$8,OR(Config!$B$9="",ISERROR(SEARCH(Config!$B$9,L30)))),"Y","N"))
X31: =IF($B31="","",COUNTA(E31,H31,I31,J31,K31,L31,M31,O31,P31,R31,S31,T31,U31,V31,W31)/15) | Y31: =IF($B31="","",IF(AND(M31>=Config!$B$8,OR(Config!$B$9="",ISERROR(SEARCH(Config!$B$9,L31)))),"Y","N"))
X32: =IF($B32="","",COUNTA(E32,H32,I32,J32,K32,L32,M32,O32,P32,R32,S32,T32,U32,V32,W32)/15) | Y32: =IF($B32="","",IF(AND(M32>=Config!$B$8,OR(Config!$B$9="",ISERROR(SEARCH(Config!$B$9,L32)))),"Y","N"))
X33: =IF($B33="","",COUNTA(E33,H33,I33,J33,K33,L33,M33,O33,P33,R33,S33,T33,U33,V33,W33)/15) | Y33: =IF($B33="","",IF(AND(M33>=Config!$B$8,OR(Config!$B$9="",ISERROR(SEARCH(Config!$B$9,L33)))),"Y","N"))
X34: =IF($B34="","",COUNTA(E34,H34,I34,J34,K34,L34,M34,O34,P34,R34,S34,T34,U34,V34,W34)/15) | Y34: =IF($B34="","",IF(AND(M34>=Config!$B$8,OR(Config!$B$9="",ISERROR(SEARCH(Config!$B$9,L34)))),"Y","N"))
X35: =IF($B35="","",COUNTA(E35,H35,I35,J35,K35,L35,M35,O35,P35,R35,S35,T35,U35,V35,W35)/15) | Y35: =IF($B35="","",IF(AND(M35>=Config!$B$8,OR(Config!$B$9="",ISERROR(SEARCH(Config!$B$9,L35)))),"Y","N"))
X36: =IF($B36="","",COUNTA(E36,H36,I36,J36,K36,L36,M36,O36,P36,R36,S36,T36,U36,V36,W36)/15) | Y36: =IF($B36="","",IF(AND(M36>=Config!$B$8,OR(Config!$B$9="",ISERROR(SEARCH(Config!$B$9,L36)))),"Y","N"))
X37: =IF($B37="","",COUNTA(E37,H37,I37,J37,K37,L37,M37,O37,P37,R37,S37,T37,U37,V37,W37)/15) | Y37: =IF($B37="","",IF(AND(M37>=Config!$B$8,OR(Config!$B$9="",ISERROR(SEARCH(Config!$B$9,L37)))),"Y","N"))
X38: =IF($B38="","",COUNTA(E38,H38,I38,J38,K38,L38,M38,O38,P38,R38,S38,T38,U38,V38,W38)/15) | Y38: =IF($B38="","",IF(AND(M38>=Config!$B$8,OR(Config!$B$9="",ISERROR(SEARCH(Config!$B$9,L38)))),"Y","N"))
... X40: =IF($B40="","",COUNTA(E40,H40,I40,J40,K40,L40,M40,O40,P40,R40,S40,T40,U40,V40,W40)/15) | Y40: =IF($B40="","",IF(AND(M40>=Config!$B$8,OR(Config!$B$9="",ISERROR(SEARCH(Config!$B$9,L40)))),"Y","N"))

Sheet Scoring
A1: restaurant_id | B1: name | C1: score_rating | D1: score_group | E1: score_price | F1: score_travel | G1: score_completeness | H1: score_uniqueness | I1: total_score | J1: scoring_notes | K1: rank_key
A2: =IF(Cleaned_Data!A2="","",Cleaned_Data!A2) | B2: =IF(Cleaned_Data!B2="","",Cleaned_Data!B2) | C2: =IFERROR(IF(Cleaned_Data!A2="","",Config!$B$18*(Cleaned_Data!H2/5)*(Config!$B$15+(1-Config!$B$15)*MIN(1,Cleaned_Data!I2/Config!$B$14))),0) | D2: =IFERROR(IF(Cleaned_Data!A2="","",Config!$B$19*(0.5*MIN(1,Cleaned_Data!M2/(Config!$B$7*1.5))+0.25*IF(Cleaned_Data!O2="Y",1,0)+0.25*IF(Cleaned_Data!N2="Y",1,0))),0) | E2: =IFERROR(IF(Cleaned_Data!A2="","",Config!$B$20*MAX(0,1-ABS(Cleaned_Data!J2-Config!$B$11)/3)),0) | F2: =IFERROR(IF(Cleaned_Data!A2="","",Config!$B$21*MAX(0,1-Cleaned_Data!P2/Config!$B$13)),0) | G2: =IFERROR(IF(Cleaned_Data!A2="","",Config!$B$22*Cleaned_Data!X2),0) | H2: =IFERROR(IF(Cleaned_Data!A2="","",Config!$B$23*(Cleaned_Data!W2/5)),0) | I2: =IF(A2="","",ROUND(SUM(C2:H2),1)) | K2: =IF(AND(Cleaned_Data!Y2="Y",ISNUMBER(I2)),I2+ROW()*0.000001,"")
A3: =IF(Cleaned_Data!A3="","",Cleaned_Data!A3) | B3: =IF(Cleaned_Data!B3="","",Cleaned_Data!B3) | C3: =IFERROR(IF(Cleaned_Data!A3="","",Config!$B$18*(Cleaned_Data!H3/5)*(Config!$B$15+(1-Config!$B$15)*MIN(1,Cleaned_Data!I3/Config!$B$14))),0) | D3: =IFERROR(IF(Cleaned_Data!A3="","",Config!$B$19*(0.5*MIN(1,Cleaned_Data!M3/(Config!$B$7*1.5))+0.25*IF(Cleaned_Data!O3="Y",1,0)+0.25*IF(Cleaned_Data!N3="Y",1,0))),0) | E3: =IFERROR(IF(Cleaned_Data!A3="","",Config!$B$20*MAX(0,1-ABS(Cleaned_Data!J3-Config!$B$11)/3)),0) | F3: =IFERROR(IF(Cleaned_Data!A3="","",Config!$B$21*MAX(0,1-Cleaned_Data!P3/Config!$B$13)),0) | G3: =IFERROR(IF(Cleaned_Data!A3="","",Config!$B$22*Cleaned_Data!X3),0) | H3: =IFERROR(IF(Cleaned_Data!A3="","",Config!$B$23*(Cleaned_Data!W3/5)),0) | I3: =IF(A3="","",ROUND(SUM(C3:H3),1)) | K3: =IF(AND(Cleaned_Data!Y3="Y",ISNUMBER(I3)),I3+ROW()*0.000001,"")
A4: =IF(Cleaned_Data!A4="","",Cleaned_Data!A4) | B4: =IF(Cleaned_Data!B4="","",Cleaned_Data!B4) | C4: =IFERROR(IF(Cleaned_Data!A4="","",Config!$B$18*(Cleaned_Data!H4/5)*(Config!$B$15+(1-Config!$B$15)*MIN(1,Cleaned_Data!I4/Config!$B$14))),0) | D4: =IFERROR(IF(Cleaned_Data!A4="","",Config!$B$19*(0.5*MIN(1,Cleaned_Data!M4/(Config!$B$7*1.5))+0.25*IF(Cleaned_Data!O4="Y",1,0)+0.25*IF(Cleaned_Data!N4="Y",1,0))),0) | E4: =IFERROR(IF(Cleaned_Data!A4="","",Config!$B$20*MAX(0,1-ABS(Cleaned_Data!J4-Config!$B$11)/3)),0) | F4: =IFERROR(IF(Cleaned_Data!A4="","",Config!$B$21*MAX(0,1-Cleaned_Data!P4/Config!$B$13)),0) | G4: =IFERROR(IF(Cleaned_Data!A4="","",Config!$B$22*Cleaned_Data!X4),0) | H4: =IFERROR(IF(Cleaned_Data!A4="","",Config!$B$23*(Cleaned_Data!W4/5)),0) | I4: =IF(A4="","",ROUND(SUM(C4:H4),1)) | K4: =IF(AND(Cleaned_Data!Y4="Y",ISNUMBER(I4)),I4+ROW()*0.000001,"")
A5: =IF(Cleaned_Data!A5="","",Cleaned_Data!A5) | B5: =IF(Cleaned_Data!B5="","",Cleaned_Data!B5) | C5: =IFERROR(IF(Cleaned_Data!A5="","",Config!$B$18*(Cleaned_Data!H5/5)*(Config!$B$15+(1-Config!$B$15)*MIN(1,Cleaned_Data!I5/Config!$B$14))),0) | D5: =IFERROR(IF(Cleaned_Data!A5="","",Config!$B$19*(0.5*MIN(1,Cleaned_Data!M5/(Config!$B$7*1.5))+0.25*IF(Cleaned_Data!O5="Y",1,0)+0.25*IF(Cleaned_Data!N5="Y",1,0))),0) | E5: =IFERROR(IF(Cleaned_Data!A5="","",Config!$B$20*MAX(0,1-ABS(Cleaned_Data!J5-Config!$B$11)/3)),0) | F5: =IFERROR(IF(Cleaned_Data!A5="","",Config!$B$21*MAX(0,1-Cleaned_Data!P5/Config!$B$13)),0) | G5: =IFERROR(IF(Cleaned_Data!A5="","",Config!$B$22*Cleaned_Data!X5),0) | H5: =IFERROR(IF(Cleaned_Data!A5="","",Config!$B$23*(Cleaned_Data!W5/5)),0) | I5: =IF(A5="","",ROUND(SUM(C5:H5),1)) | K5: =IF(AND(Cleaned_Data!Y5="Y",ISNUMBER(I5)),I5+ROW()*0.000001,"")
A6: =IF(Cleaned_Data!A6="","",Cleaned_Data!A6) | B6: =IF(Cleaned_Data!B6="","",Cleaned_Data!B6) | C6: =IFERROR(IF(Cleaned_Data!A6="","",Config!$B$18*(Cleaned_Data!H6/5)*(Config!$B$15+(1-Config!$B$15)*MIN(1,Cleaned_Data!I6/Config!$B$14))),0) | D6: =IFERROR(IF(Cleaned_Data!A6="","",Config!$B$19*(0.5*MIN(1,Cleaned_Data!M6/(Config!$B$7*1.5))+0.25*IF(Cleaned_Data!O6="Y",1,0)+0.25*IF(Cleaned_Data!N6="Y",1,0))),0) | E6: =IFERROR(IF(Cleaned_Data!A6="","",Config!$B$20*MAX(0,1-ABS(Cleaned_Data!J6-Config!$B$11)/3)),0) | F6: =IFERROR(IF(Cleaned_Data!A6="","",Config!$B$21*MAX(0,1-Cleaned_Data!P6/Config!$B$13)),0) | G6: =IFERROR(IF(Cleaned_Data!A6="","",Config!$B$22*Cleaned_Data!X6),0) | H6: =IFERROR(IF(Cleaned_Data!A6="","",Config!$B$23*(Cleaned_Data!W6/5)),0) | I6: =IF(A6="","",ROUND(SUM(C6:H6),1)) | K6: =IF(AND(Cleaned_Data!Y6="Y",ISNUMBER(I6)),I6+ROW()*0.000001,"")
A7: =IF(Cleaned_Data!A7="","",Cleaned_Data!A7) | B7: =IF(Cleaned_Data!B7="","",Cleaned_Data!B7) | C7: =IFERROR(IF(Cleaned_Data!A7="","",Config!$B$18*(Cleaned_Data!H7/5)*(Config!$B$15+(1-Config!$B$15)*MIN(1,Cleaned_Data!I7/Config!$B$14))),0) | D7: =IFERROR(IF(Cleaned_Data!A7="","",Config!$B$19*(0.5*MIN(1,Cleaned_Data!M7/(Config!$B$7*1.5))+0.25*IF(Cleaned_Data!O7="Y",1,0)+0.25*IF(Cleaned_Data!N7="Y",1,0))),0) | E7: =IFERROR(IF(Cleaned_Data!A7="","",Config!$B$20*MAX(0,1-ABS(Cleaned_Data!J7-Config!$B$11)/3)),0) | F7: =IFERROR(IF(Cleaned_Data!A7="","",Config!$B$21*MAX(0,1-Cleaned_Data!P7/Config!$B$13)),0) | G7: =IFERROR(IF(Cleaned_Data!A7="","",Config!$B$22*Cleaned_Data!X7),0) | H7: =IFERROR(IF(Cleaned_Data!A7="","",Config!$B$23*(Cleaned_Data!W7/5)),0) | I7: =IF(A7="","",ROUND(SUM(C7:H7),1)) | K7: =IF(AND(Cleaned_Data!Y7="Y",ISNUMBER(I7)),I7+ROW()*0.000001,"")
A8: =IF(Cleaned_Data!A8="","",Cleaned_Data!A8) | B8: =IF(Cleaned_Data!B8="","",Cleaned_Data!B8) | C8: =IFERROR(IF(Cleaned_Data!A8="","",Config!$B$18*(Cleaned_Data!H8/5)*(Config!$B$15+(1-Config!$B$15)*MIN(1,Cleaned_Data!I8/Config!$B$14))),0) | D8: =IFERROR(IF(Cleaned_Data!A8="","",Config!$B$19*(0.5*MIN(1,Cleaned_Data!M8/(Config!$B$7*1.5))+0.25*IF(Cleaned_Data!O8="Y",1,0)+0.25*IF(Cleaned_Data!N8="Y",1,0))),0) | E8: =IFERROR(IF(Cleaned_Data!A8="","",Config!$B$20*MAX(0,1-ABS(Cleaned_Data!J8-Config!$B$11)/3)),0) | F8: =IFERROR(IF(Cleaned_Data!A8="","",Config!$B$21*MAX(0,1-Cleaned_Data!P8/Config!$B$13)),0) | G8: =IFERROR(IF(Cleaned_Data!A8="","",Config!$B$22*Cleaned_Data!X8),0) | H8: =IFERROR(IF(Cleaned_Data!A8="","",Config!$B$23*(Cleaned_Data!W8/5)),0) | I8: =IF(A8="","",ROUND(SUM(C8:H8),1)) | K8: =IF(AND(Cleaned_Data!Y8="Y",ISNUMBER(I8)),I8+ROW()*0.000001,"")
A9: =IF(Cleaned_Data!A9="","",Cleaned_Data!A9) | B9: =IF(Cleaned_Data!B9="","",Cleaned_Data!B9) | C9: =IFERROR(IF(Cleaned_Data!A9="","",Config!$B$18*(Cleaned_Data!H9/5)*(Config!$B$15+(1-Config!$B$15)*MIN(1,Cleaned_Data!I9/Config!$B$14))),0) | D9: =IFERROR(IF(Cleaned_Data!A9="","",Config!$B$19*(0.5*MIN(1,Cleaned_Data!M9/(Config!$B$7*1.5))+0.25*IF(Cleaned_Data!O9="Y",1,0)+0.25*IF(Cleaned_Data!N9="Y",1,0))),0) | E9: =IFERROR(IF(Cleaned_Data!A9="","",Config!$B$20*MAX(0,1-ABS(Cleaned_Data!J9-Config!$B$11)/3)),0) | F9: =IFERROR(IF(Cleaned_Data!A9="","",Config!$B$21*MAX(0,1-Cleaned_Data!P9/Config!$B$13)),0) | G9: =IFERROR(IF(Cleaned_Data!A9="","",Config!$B$22*Cleaned_Data!X9),0) | H9: =IFERROR(IF(Cleaned_Data!A9="","",Config!$B$23*(Cleaned_Data!W9/5)),0) | I9: =IF(A9="","",ROUND(SUM(C9:H9),1)) | K9: =IF(AND(Cleaned_Data!Y9="Y",ISNUMBER(I9)),I9+ROW()*0.000001,"")
A10: =IF(Cleaned_Data!A10="","",Cleaned_Data!A10) | B10: =IF(Cleaned_Data!B10="","",Cleaned_Data!B10) | C10: =IFERROR(IF(Cleaned_Data!A10="","",Config!$B$18*(Cleaned_Data!H10/5)*(Config!$B$15+(1-Config!$B$15)*MIN(1,Cleaned_Data!I10/Config!$B$14))),0) | D10: =IFERROR(IF(Cleaned_Data!A10="","",Config!$B$19*(0.5*MIN(1,Cleaned_Data!M10/(Config!$B$7*1.5))+0.25*IF(Cleaned_Data!O10="Y",1,0)+0.25*IF(Cleaned_Data!N10="Y",1,0))),0) | E10: =IFERROR(IF(Cleaned_Data!A10="","",Config!$B$20*MAX(0,1-ABS(Cleaned_Data!J10-Config!$B$11)/3)),0) | F10: =IFERROR(IF(Cleaned_Data!A10="","",Config!$B$21*MAX(0,1-Cleaned_Data!P10/Config!$B$13)),0) | G10: =IFERROR(IF(Cleaned_Data!A10="","",Config!$B$22*Cleaned_Data!X10),0) | H10: =IFERROR(IF(Cleaned_Data!A10="","",Config!$B$23*(Cleaned_Data!W10/5)),0) | I10: =IF(A10="","",ROUND(SUM(C10:H10),1)) | K10: =IF(AND(Cleaned_Data!Y10="Y",ISNUMBER(I10)),I10+ROW()*0.000001,"")
A11: =IF(Cleaned_Data!A11="","",Cleaned_Data!A11) | B11: =IF(Cleaned_Data!B11="","",Cleaned_Data!B11) | C11: =IFERROR(IF(Cleaned_Data!A11="","",Config!$B$18*(Cleaned_Data!H11/5)*(Config!$B$15+(1-Config!$B$15)*MIN(1,Cleaned_Data!I11/Config!$B$14))),0) | D11: =IFERROR(IF(Cleaned_Data!A11="","",Config!$B$19*(0.5*MIN(1,Cleaned_Data!M11/(Config!$B$7*1.5))+0.25*IF(Cleaned_Data!O11="Y",1,0)+0.25*IF(Cleaned_Data!N11="Y",1,0))),0) | E11: =IFERROR(IF(Cleaned_Data!A11="","",Config!$B$20*MAX(0,1-ABS(Cleaned_Data!J11-Config!$B$11)/3)),0) | F11: =IFERROR(IF(Cleaned_Data!A11="","",Config!$B$21*MAX(0,1-Cleaned_Data!P11/Config!$B$13)),0) | G11: =IFERROR(IF(Cleaned_Data!A11="","",Config!$B$22*Cleaned_Data!X11),0) | H11: =IFERROR(IF(Cleaned_Data!A11="","",Config!$B$23*(Cleaned_Data!W11/5)),0) | I11: =IF(A11="","",ROUND(SUM(C11:H11),1)) | K11: =IF(AND(Cleaned_Data!Y11="Y",ISNUMBER(I11)),I11+ROW()*0.000001,"")
A12: =IF(Cleaned_Data!A12="","",Cleaned_Data!A12) | B12: =IF(Cleaned_Data!B12="","",Cleaned_Data!B12) | C12: =IFERROR(IF(Cleaned_Data!A12="","",Config!$B$18*(Cleaned_Data!H12/5)*(Config!$B$15+(1-Config!$B$15)*MIN(1,Cleaned_Data!I12/Config!$B$14))),0) | D12: =IFERROR(IF(Cleaned_Data!A12="","",Config!$B$19*(0.5*MIN(1,Cleaned_Data!M12/(Config!$B$7*1.5))+0.25*IF(Cleaned_Data!O12="Y",1,0)+0.25*IF(Cleaned_Data!N12="Y",1,0))),0) | E12: =IFERROR(IF(Cleaned_Data!A12="","",Config!$B$20*MAX(0,1-ABS(Cleaned_Data!J12-Config!$B$11)/3)),0) | F12: =IFERROR(IF(Cleaned_Data!A12="","",Config!$B$21*MAX(0,1-Cleaned_Data!P12/Config!$B$13)),0) | G12: =IFERROR(IF(Cleaned_Data!A12="","",Config!$B$22*Cleaned_Data!X12),0) | H12: =IFERROR(IF(Cleaned_Data!A12="","",Config!$B$23*(Cleaned_Data!W12/5)),0) | I12: =IF(A12="","",ROUND(SUM(C12:H12),1)) | K12: =IF(AND(Cleaned_Data!Y12="Y",ISNUMBER(I12)),I12+ROW()*0.000001,"")
A13: =IF(Cleaned_Data!A13="","",Cleaned_Data!A13) | B13: =IF(Cleaned_Data!B13="","",Cleaned_Data!B13) | C13: =IFERROR(IF(Cleaned_Data!A13="","",Config!$B$18*(Cleaned_Data!H13/5)*(Config!$B$15+(1-Config!$B$15)*MIN(1,Cleaned_Data!I13/Config!$B$14))),0) | D13: =IFERROR(IF(Cleaned_Data!A13="","",Config!$B$19*(0.5*MIN(1,Cleaned_Data!M13/(Config!$B$7*1.5))+0.25*IF(Cleaned_Data!O13="Y",1,0)+0.25*IF(Cleaned_Data!N13="Y",1,0))),0) | E13: =IFERROR(IF(Cleaned_Data!A13="","",Config!$B$20*MAX(0,1-ABS(Cleaned_Data!J13-Config!$B$11)/3)),0) | F13: =IFERROR(IF(Cleaned_Data!A13="","",Config!$B$21*MAX(0,1-Cleaned_Data!P13/Config!$B$13)),0) | G13: =IFERROR(IF(Cleaned_Data!A13="","",Config!$B$22*Cleaned_Data!X13),0) | H13: =IFERROR(IF(Cleaned_Data!A13="","",Config!$B$23*(Cleaned_Data!W13/5)),0) | I13: =IF(A13="","",ROUND(SUM(C13:H13),1)) | K13: =IF(AND(Cleaned_Data!Y13="Y",ISNUMBER(I13)),I13+ROW()*0.000001,"")
... A40: =IF(Cleaned_Data!A40="","",Cleaned_Data!A40) | B40: =IF(Cleaned_Data!B40="","",Cleaned_Data!B40) | C40: =IFERROR(IF(Cleaned_Data!A40="","",Config!$B$18*(Cleaned_Data!H40/5)*(Config!$B$15+(1-Config!$B$15)*MIN(1,Cleaned_Data!I40/Config!$B$14))),0) | D40: =IFERROR(IF(Cleaned_Data!A40="","",Config!$B$19*(0.5*MIN(1,Cleaned_Data!M40/(Config!$B$7*1.5))+0.25*IF(Cleaned_Data!O40="Y",1,0)+0.25*IF(Cleaned_Data!N40="Y",1,0))),0) | E40: =IFERROR(IF(Cleaned_Data!A40="","",Config!$B$20*MAX(0,1-ABS(Cleaned_Data!J40-Config!$B$11)/3)),0) | F40: =IFERROR(IF(Cleaned_Data!A40="","",Config!$B$21*MAX(0,1-Cleaned_Data!P40/Config!$B$13)),0) | G40: =IFERROR(IF(Cleaned_Data!A40="","",Config!$B$22*Cleaned_Data!X40),0) | H40: =IFERROR(IF(Cleaned_Data!A40="","",Config!$B$23*(Cleaned_Data!W40/5)),0) | I40: =IF(A40="","",ROUND(SUM(C40:H40),1)) | K40: =IF(AND(Cleaned_Data!Y40="Y",ISNUMBER(I40)),I40+ROW()*0.000001,"")

Sheet Ranking
A1: rank | B1: restaurant_id | C1: name | D1: total_score | E1: score_rating | F1: score_group | G1: score_price | H1: score_travel | I1: score_completeness | J1: score_uniqueness | K1: decision_role | L1: one_line_rationale | M1: map_link | N1: booking_link | O1: match_pos
A2: 1 | B2: =IF($O2="","",INDEX(Scoring!$A$2:$A$40,$O2)) | C2: =IF($O2="","",INDEX(Scoring!$B$2:$B$40,$O2)) | D2: =IF($O2="","",INDEX(Scoring!$I$2:$I$40,$O2)) | E2: =IF($O2="","",INDEX(Scoring!$C$2:$C$40,$O2)) | F2: =IF($O2="","",INDEX(Scoring!$D$2:$D$40,$O2)) | G2: =IF($O2="","",INDEX(Scoring!$E$2:$E$40,$O2)) | H2: =IF($O2="","",INDEX(Scoring!$F$2:$F$40,$O2)) | I2: =IF($O2="","",INDEX(Scoring!$G$2:$G$40,$O2)) | J2: =IF($O2="","",INDEX(Scoring!$H$2:$H$40,$O2)) | K2: =IF($O2="","",IF(A2=1,"Top Pick","Backup")) | M2: =IF($O2="","","https://www.google.com/maps/search/?api=1&query="&INDEX(Cleaned_Data!$F$2:$F$40,$O2)&","&INDEX(Cleaned_Data!$G$2:$G$40,$O2)) | O2: =IFERROR(MATCH(LARGE(Scoring!$K$2:$K$40,A2),Scoring!$K$2:$K$40,0),"")
A3: 2 | B3: =IF($O3="","",INDEX(Scoring!$A$2:$A$40,$O3)) | C3: =IF($O3="","",INDEX(Scoring!$B$2:$B$40,$O3)) | D3: =IF($O3="","",INDEX(Scoring!$I$2:$I$40,$O3)) | E3: =IF($O3="","",INDEX(Scoring!$C$2:$C$40,$O3)) | F3: =IF($O3="","",INDEX(Scoring!$D$2:$D$40,$O3)) | G3: =IF($O3="","",INDEX(Scoring!$E$2:$E$40,$O3)) | H3: =IF($O3="","",INDEX(Scoring!$F$2:$F$40,$O3)) | I3: =IF($O3="","",INDEX(Scoring!$G$2:$G$40,$O3)) | J3: =IF($O3="","",INDEX(Scoring!$H$2:$H$40,$O3)) | K3: =IF($O3="","",IF(A3=1,"Top Pick","Backup")) | M3: =IF($O3="","","https://www.google.com/maps/search/?api=1&query="&INDEX(Cleaned_Data!$F$2:$F$40,$O3)&","&INDEX(Cleaned_Data!$G$2:$G$40,$O3)) | O3: =IFERROR(MATCH(LARGE(Scoring!$K$2:$K$40,A3),Scoring!$K$2:$K$40,0),"")
A4: 3 | B4: =IF($O4="","",INDEX(Scoring!$A$2:$A$40,$O4)) | C4: =IF($O4="","",INDEX(Scoring!$B$2:$B$40,$O4)) | D4: =IF($O4="","",INDEX(Scoring!$I$2:$I$40,$O4)) | E4: =IF($O4="","",INDEX(Scoring!$C$2:$C$40,$O4)) | F4: =IF($O4="","",INDEX(Scoring!$D$2:$D$40,$O4)) | G4: =IF($O4="","",INDEX(Scoring!$E$2:$E$40,$O4)) | H4: =IF($O4="","",INDEX(Scoring!$F$2:$F$40,$O4)) | I4: =IF($O4="","",INDEX(Scoring!$G$2:$G$40,$O4)) | J4: =IF($O4="","",INDEX(Scoring!$H$2:$H$40,$O4)) | K4: =IF($O4="","",IF(A4=1,"Top Pick","Backup")) | M4: =IF($O4="","","https://www.google.com/maps/search/?api=1&query="&INDEX(Cleaned_Data!$F$2:$F$40,$O4)&","&INDEX(Cleaned_Data!$G$2:$G$40,$O4)) | O4: =IFERROR(MATCH(LARGE(Scoring!$K$2:$K$40,A4),Scoring!$K$2:$K$40,0),"")
A5: 4 | B5: =IF($O5="","",INDEX(Scoring!$A$2:$A$40,$O5)) | C5: =IF($O5="","",INDEX(Scoring!$B$2:$B$40,$O5)) | D5: =IF($O5="","",INDEX(Scoring!$I$2:$I$40,$O5)) | E5: =IF($O5="","",INDEX(Scoring!$C$2:$C$40,$O5)) | F5: =IF($O5="","",INDEX(Scoring!$D$2:$D$40,$O5)) | G5: =IF($O5="","",INDEX(Scoring!$E$2:$E$40,$O5)) | H5: =IF($O5="","",INDEX(Scoring!$F$2:$F$40,$O5)) | I5: =IF($O5="","",INDEX(Scoring!$G$2:$G$40,$O5)) | J5: =IF($O5="","",INDEX(Scoring!$H$2:$H$40,$O5)) | K5: =IF($O5="","",IF(A5=1,"Top Pick","Backup")) | M5: =IF($O5="","","https://www.google.com/maps/search/?api=1&query="&INDEX(Cleaned_Data!$F$2:$F$40,$O5)&","&INDEX(Cleaned_Data!$G$2:$G$40,$O5)) | O5: =IFERROR(MATCH(LARGE(Scoring!$K$2:$K$40,A5),Scoring!$K$2:$K$40,0),"")
A6: 5 | B6: =IF($O6="","",INDEX(Scoring!$A$2:$A$40,$O6)) | C6: =IF($O6="","",INDEX(Scoring!$B$2:$B$40,$O6)) | D6: =IF($O6="","",INDEX(Scoring!$I$2:$I$40,$O6)) | E6: =IF($O6="","",INDEX(Scoring!$C$2:$C$40,$O6)) | F6: =IF($O6="","",INDEX(Scoring!$D$2:$D$40,$O6)) | G6: =IF($O6="","",INDEX(Scoring!$E$2:$E$40,$O6)) | H6: =IF($O6="","",INDEX(Scoring!$F$2:$F$40,$O6)) | I6: =IF($O6="","",INDEX(Scoring!$G$2:$G$40,$O6)) | J6: =IF($O6="","",INDEX(Scoring!$H$2:$H$40,$O6)) | K6: =IF($O6="","",IF(A6=1,"Top Pick","Backup")) | M6: =IF($O6="","","https://www.google.com/maps/search/?api=1&query="&INDEX(Cleaned_Data!$F$2:$F$40,$O6)&","&INDEX(Cleaned_Data!$G$2:$G$40,$O6)) | O6: =IFERROR(MATCH(LARGE(Scoring!$K$2:$K$40,A6),Scoring!$K$2:$K$40,0),"")
A7: 6 | B7: =IF($O7="","",INDEX(Scoring!$A$2:$A$40,$O7)) | C7: =IF($O7="","",INDEX(Scoring!$B$2:$B$40,$O7)) | D7: =IF($O7="","",INDEX(Scoring!$I$2:$I$40,$O7)) | E7: =IF($O7="","",INDEX(Scoring!$C$2:$C$40,$O7)) | F7: =IF($O7="","",INDEX(Scoring!$D$2:$D$40,$O7)) | G7: =IF($O7="","",INDEX(Scoring!$E$2:$E$40,$O7)) | H7: =IF($O7="","",INDEX(Scoring!$F$2:$F$40,$O7)) | I7: =IF($O7="","",INDEX(Scoring!$G$2:$G$40,$O7)) | J7: =IF($O7="","",INDEX(Scoring!$H$2:$H$40,$O7)) | K7: =IF($O7="","",IF(A7=1,"Top Pick","Backup")) | M7: =IF($O7="","","https://www.google.com/maps/search/?api=1&query="&INDEX(Cleaned_Data!$F$2:$F$40,$O7)&","&INDEX(Cleaned_Data!$G$2:$G$40,$O7)) | O7: =IFERROR(MATCH(LARGE(Scoring!$K$2:$K$40,A7),Scoring!$K$2:$K$40,0),"")

Sheet HTML_Export
A1: field | B1: value
A2: report_title | B2: =Config!$B$2
A3: team_size | B3: =Config!$B$7
A4: base_location | B4: =Config!$B$3
A5: generated_at | B5: =Config!$B$16
A6: ai_insights
A7: ai_tradeoffs
A9: rank | B9: name | C9: total_score | D9: score_rating | E9: score_group | F9: score_price | G9: score_travel | H9: score_completeness | I9: score_uniqueness | J9: price_per_head | K9: travel_time_min | L9: rating_avg | M9: review_count_total | N9: cuisine | O9: signature_features | P9: map_link | Q9: booking_link | R9: photo_url | S9: ai_rationale
A10: =IF(Ranking!$C2="","",Ranking!A2) | B10: =IF(Ranking!$C2="","",Ranking!C2) | C10: =IF(Ranking!$C2="","",Ranking!D2) | D10: =IF(Ranking!$C2="","",Ranking!E2) | E10: =IF(Ranking!$C2="","",Ranking!F2) | F10: =IF(Ranking!$C2="","",Ranking!G2) | G10: =IF(Ranking!$C2="","",Ranking!H2) | H10: =IF(Ranking!$C2="","",Ranking!I2) | I10: =IF(Ranking!$C2="","",Ranking!J2) | J10: =IF(Ranking!$O2="","",INDEX(Cleaned_Data!$K$2:$K$40,Ranking!$O2)) | K10: =IF(Ranking!$O2="","",INDEX(Cleaned_Data!$P$2:$P$40,Ranking!$O2)) | L10: =IF(Ranking!$O2="","",INDEX(Cleaned_Data!$H$2:$H$40,Ranking!$O2)) | M10: =IF(Ranking!$O2="","",INDEX(Cleaned_Data!$I$2:$I$40,Ranking!$O2)) | N10: =IF(Ranking!$O2="","",INDEX(Cleaned_Data!$L$2:$L$40,Ranking!$O2)) | O10: =IF(Ranking!$O2="","",INDEX(Cleaned_Data!$V$2:$V$40,Ranking!$O2)) | P10: =IF(Ranking!$C2="","",Ranking!M2) | Q10: =IF(Ranking!$C2="","",Ranking!N2) | R10: =IF(Ranking!$O2="","",INDEX(Cleaned_Data!$U$2:$U$40,Ranking!$O2)) | S10: =IF(Ranking!$C2="","",Ranking!L2)
A11: =IF(Ranking!$C3="","",Ranking!A3) | B11: =IF(Ranking!$C3="","",Ranking!C3) | C11: =IF(Ranking!$C3="","",Ranking!D3) | D11: =IF(Ranking!$C3="","",Ranking!E3) | E11: =IF(Ranking!$C3="","",Ranking!F3) | F11: =IF(Ranking!$C3="","",Ranking!G3) | G11: =IF(Ranking!$C3="","",Ranking!H3) | H11: =IF(Ranking!$C3="","",Ranking!I3) | I11: =IF(Ranking!$C3="","",Ranking!J3) | J11: =IF(Ranking!$O3="","",INDEX(Cleaned_Data!$K$2:$K$40,Ranking!$O3)) | K11: =IF(Ranking!$O3="","",INDEX(Cleaned_Data!$P$2:$P$40,Ranking!$O3)) | L11: =IF(Ranking!$O3="","",INDEX(Cleaned_Data!$H$2:$H$40,Ranking!$O3)) | M11: =IF(Ranking!$O3="","",INDEX(Cleaned_Data!$I$2:$I$40,Ranking!$O3)) | N11: =IF(Ranking!$O3="","",INDEX(Cleaned_Data!$L$2:$L$40,Ranking!$O3)) | O11: =IF(Ranking!$O3="","",INDEX(Cleaned_Data!$V$2:$V$40,Ranking!$O3)) | P11: =IF(Ranking!$C3="","",Ranking!M3) | Q11: =IF(Ranking!$C3="","",Ranking!N3) | R11: =IF(Ranking!$O3="","",INDEX(Cleaned_Data!$U$2:$U$40,Ranking!$O3)) | S11: =IF(Ranking!$C3="","",Ranking!L3)
A12: =IF(Ranking!$C4="","",Ranking!A4) | B12: =IF(Ranking!$C4="","",Ranking!C4) | C12: =IF(Ranking!$C4="","",Ranking!D4) | D12: =IF(Ranking!$C4="","",Ranking!E4) | E12: =IF(Ranking!$C4="","",Ranking!F4) | F12: =IF(Ranking!$C4="","",Ranking!G4) | G12: =IF(Ranking!$C4="","",Ranking!H4) | H12: =IF(Ranking!$C4="","",Ranking!I4) | I12: =IF(Ranking!$C4="","",Ranking!J4) | J12: =IF(Ranking!$O4="","",INDEX(Cleaned_Data!$K$2:$K$40,Ranking!$O4)) | K12: =IF(Ranking!$O4="","",INDEX(Cleaned_Data!$P$2:$P$40,Ranking!$O4)) | L12: =IF(Ranking!$O4="","",INDEX(Cleaned_Data!$H$2:$H$40,Ranking!$O4)) | M12: =IF(Ranking!$O4="","",INDEX(Cleaned_Data!$I$2:$I$40,Ranking!$O4)) | N12: =IF(Ranking!$O4="","",INDEX(Cleaned_Data!$L$2:$L$40,Ranking!$O4)) | O12: =IF(Ranking!$O4="","",INDEX(Cleaned_Data!$V$2:$V$40,Ranking!$O4)) | P12: =IF(Ranking!$C4="","",Ranking!M4) | Q12: =IF(Ranking!$C4="","",Ranking!N4) | R12: =IF(Ranking!$O4="","",INDEX(Cleaned_Data!$U$2:$U$40,Ranking!$O4)) | S12: =IF(Ranking!$C4="","",Ranking!L4)
A13: =IF(Ranking!$C5="","",Ranking!A5) | B13: =IF(Ranking!$C5="","",Ranking!C5) | C13: =IF(Ranking!$C5="","",Ranking!D5) | D13: =IF(Ranking!$C5="","",Ranking!E5) | E13: =IF(Ranking!$C5="","",Ranking!F5) | F13: =IF(Ranking!$C5="","",Ranking!G5) | G13: =IF(Ranking!$C5="","",Ranking!H5) | H13: =IF(Ranking!$C5="","",Ranking!I5) | I13: =IF(Ranking!$C5="","",Ranking!J5) | J13: =IF(Ranking!$O5="","",INDEX(Cleaned_Data!$K$2:$K$40,Ranking!$O5)) | K13: =IF(Ranking!$O5="","",INDEX(Cleaned_Data!$P$2:$P$40,Ranking!$O5)) | L13: =IF(Ranking!$O5="","",INDEX(Cleaned_Data!$H$2:$H$40,Ranking!$O5)) | M13: =IF(Ranking!$O5="","",INDEX(Cleaned_Data!$I$2:$I$40,Ranking!$O5)) | N13: =IF(Ranking!$O5="","",INDEX(Cleaned_Data!$L$2:$L$40,Ranking!$O5)) | O13: =IF(Ranking!$O5="","",INDEX(Cleaned_Data!$V$2:$V$40,Ranking!$O5)) | P13: =IF(Ranking!$C5="","",Ranking!M5) | Q13: =IF(Ranking!$C5="","",Ranking!N5) | R13: =IF(Ranking!$O5="","",INDEX(Cleaned_Data!$U$2:$U$40,Ranking!$O5)) | S13: =IF(Ranking!$C5="","",Ranking!L5)
A14: =IF(Ranking!$C6="","",Ranking!A6) | B14: =IF(Ranking!$C6="","",Ranking!C6) | C14: =IF(Ranking!$C6="","",Ranking!D6) | D14: =IF(Ranking!$C6="","",Ranking!E6) | E14: =IF(Ranking!$C6="","",Ranking!F6) | F14: =IF(Ranking!$C6="","",Ranking!G6) | G14: =IF(Ranking!$C6="","",Ranking!H6) | H14: =IF(Ranking!$C6="","",Ranking!I6) | I14: =IF(Ranking!$C6="","",Ranking!J6) | J14: =IF(Ranking!$O6="","",INDEX(Cleaned_Data!$K$2:$K$40,Ranking!$O6)) | K14: =IF(Ranking!$O6="","",INDEX(Cleaned_Data!$P$2:$P$40,Ranking!$O6)) | L14: =IF(Ranking!$O6="","",INDEX(Cleaned_Data!$H$2:$H$40,Ranking!$O6)) | M14: =IF(Ranking!$O6="","",INDEX(Cleaned_Data!$I$2:$I$40,Ranking!$O6)) | N14: =IF(Ranking!$O6="","",INDEX(Cleaned_Data!$L$2:$L$40,Ranking!$O6)) | O14: =IF(Ranking!$O6="","",INDEX(Cleaned_Data!$V$2:$V$40,Ranking!$O6)) | P14: =IF(Ranking!$C6="","",Ranking!M6) | Q14: =IF(Ranking!$C6="","",Ranking!N6) | R14: =IF(Ranking!$O6="","",INDEX(Cleaned_Data!$U$2:$U$40,Ranking!$O6)) | S14: =IF(Ranking!$C6="","",Ranking!L6)
A15: =IF(Ranking!$C7="","",Ranking!A7) | B15: =IF(Ranking!$C7="","",Ranking!C7) | C15: =IF(Ranking!$C7="","",Ranking!D7) | D15: =IF(Ranking!$C7="","",Ranking!E7) | E15: =IF(Ranking!$C7="","",Ranking!F7) | F15: =IF(Ranking!$C7="","",Ranking!G7) | G15: =IF(Ranking!$C7="","",Ranking!H7) | H15: =IF(Ranking!$C7="","",Ranking!I7) | I15: =IF(Ranking!$C7="","",Ranking!J7) | J15: =IF(Ranking!$O7="","",INDEX(Cleaned_Data!$K$2:$K$40,Ranking!$O7)) | K15: =IF(Ranking!$O7="","",INDEX(Cleaned_Data!$P$2:$P$40,Ranking!$O7)) | L15: =IF(Ranking!$O7="","",INDEX(Cleaned_Data!$H$2:$H$40,Ranking!$O7)) | M15: =IF(Ranking!$O7="","",INDEX(Cleaned_Data!$I$2:$I$40,Ranking!$O7)) | N15: =IF(Ranking!$O7="","",INDEX(Cleaned_Data!$L$2:$L$40,Ranking!$O7)) | O15: =IF(Ranking!$O7="","",INDEX(Cleaned_Data!$V$2:$V$40,Ranking!$O7)) | P15: =IF(Ranking!$C7="","",Ranking!M7) | Q15: =IF(Ranking!$C7="","",Ranking!N7) | R15: =IF(Ranking!$O7="","",INDEX(Cleaned_Data!$U$2:$U$40,Ranking!$O7)) | S15: =IF(Ranking!$C7="","",Ranking!L7)
